drug,rank_std,rank_mean,median_rank_s_score,median_rank_entropy,median_rank_gini,median_rank_ratio
AC-480,39.479041556529985,33.78333333333333,62.5,13.5,13.5,8.0
ACTB-1003,18.848821065402355,94.71666666666667,95.0,99.0,89.0,100.0
AEE-788,56.89082136474701,106.86666666666666,53.0,107.0,107.0,206.0
AEW-541,43.071326502287654,97.45,61.5,111.0,104.0,160.0
AMG-208,26.79419505954394,31.566666666666666,53.0,13.5,13.5,28.0
AMG-900,29.847594356813563,139.06666666666666,148.0,148.0,124.0,94.0
ARRY-380,77.09441541959372,86.13333333333334,30.0,45.0,209.5,189.0
ASP-3026,27.23806568429965,147.56666666666666,161.0,166.0,159.0,103.0
AT-13148,32.11809804801994,154.66666666666666,168.0,133.0,136.0,197.0
AT-7519,33.762030777520216,170.18333333333334,195.0,180.0,173.0,116.0
AT-9283,19.98391019462074,210.6,221.0,221.0,214.0,190.0
AV-412,31.044077087622075,59.916666666666664,81.0,56.0,48.0,22.0
AZD-1208,38.152748553966894,37.36666666666667,62.5,22.0,21.0,4.0
AZD-1480,53.828420828488824,132.63333333333333,61.5,151.0,150.0,208.0
AZD-2014,56.22972721098888,50.13333333333333,29.5,13.5,13.5,117.0
AZD-4547,31.033498925444352,130.78333333333333,167.5,130.0,122.0,81.0
AZD-5363,57.95989034572865,128.96666666666667,61.5,145.0,139.0,213.0
AZD-5438,40.984973533669084,114.91666666666667,139.0,135.0,126.0,31.0
AZD-7762,19.378137738756585,199.26666666666668,209.5,215.0,209.0,159.0
AZD-8055,90.68781003469479,94.76666666666667,21.0,32.0,214.5,215.0
AZD-8186,40.448255696493135,53.88333333333333,37.0,39.0,35.0,105.0
AZD-8330,37.02371612298738,68.16666666666667,83.5,54.0,47.0,28.0
Abemaciclib,10.999949494833551,192.63333333333333,202.0,193.0,187.0,182.0
Afatinib,36.159308007144645,56.766666666666666,81.0,46.0,39.0,17.0
Alectinib,37.29453340936473,86.86666666666666,61.5,90.0,81.0,140.0
Alisertib,27.001260258653772,109.58333333333333,128.5,125.0,118.0,61.0
Alvocidib,25.04385597750918,166.38333333333333,179.0,170.0,161.0,156.0
Apatinib,15.14930324763779,34.083333333333336,37.0,22.0,22.0,52.0
Apitolisib,30.416374427819846,73.05,81.0,96.0,87.0,72.0
Axitinib,26.973979231021065,122.56666666666666,114.0,145.0,137.0,114.0
BGT-226,49.60972406920062,85.98333333333333,48.0,114.0,108.0,169.0
BI-2536,41.12783593734162,79.96666666666667,53.0,83.0,77.0,149.0
BI-847325,42.33432085462364,173.28333333333333,186.0,202.0,196.0,171.0
BMS-387032,24.497103003325837,173.68333333333334,190.0,182.0,175.0,126.0
BMS-690514,54.35853198900794,145.5,167.0,183.0,174.0,36.0
BMS-754807,19.542688317288047,146.0,161.0,154.0,140.0,104.0
BMS-777607,19.4684145904762,104.65,115.0,110.0,98.0,77.0
BMS-911543,89.05263736814436,93.16666666666667,21.0,32.0,214.5,208.0
BYL-719,72.515869910585,71.91666666666667,21.0,32.0,209.5,150.0
Bafetinib,19.041621079449442,176.5,182.5,167.0,160.0,209.0
Barasertib,22.701939466828723,102.11666666666666,95.0,105.0,97.0,128.0
Barasertib_HQPA,31.801821226674008,91.95,114.0,105.0,94.0,37.0
Baricitinib,31.47450908627841,159.78333333333333,159.0,173.0,164.0,179.0
Binimetinib,35.1248131667629,63.85,61.5,56.0,49.0,44.0
Bosutinib,29.62063845061788,182.86666666666667,199.0,202.0,193.0,141.0
Brivanib,64.12916653130618,75.5,30.0,51.0,64.0,147.0
Brivanib_alaninate,62.738755079208325,70.41666666666667,30.0,45.0,57.0,139.0
CC-401,28.90109571163926,153.1,159.0,169.0,158.0,169.0
CEP-32496,21.72229397544273,149.68333333333334,160.0,160.0,148.0,133.0
CH-5183284,35.29101632616059,45.55,62.5,40.0,31.0,9.0
CP-547632,32.695242603303754,148.26666666666668,157.0,164.0,156.0,75.0
CP-724714,15.307668738975972,41.31666666666667,48.0,40.0,33.0,53.0
CUDC-101,35.8377090351614,81.18333333333334,61.5,97.0,99.0,133.0
Cabozantinib,28.046593177940327,120.38333333333334,108.5,140.0,131.0,138.0
Canertinib,35.248719440884976,78.83333333333333,94.5,86.0,75.0,52.0
Capmatinib,40.11651433290562,32.916666666666664,62.5,13.5,13.5,1.0
Cediranib,36.11005169386127,116.35,108.5,115.0,109.0,88.0
Cerdulatinib,37.85144940715246,176.03333333333333,195.0,194.0,185.0,76.0
Ceritinib,14.576284010527356,85.41666666666667,90.5,92.0,80.0,85.0
Cobimetinib,21.95463125022448,49.45,62.5,47.0,35.0,32.0
Crenolanib,18.22422837872704,192.05,203.5,203.0,194.0,153.0
Crizotinib,34.102480359449906,118.75,128.5,144.0,134.0,64.0
Cyc-116,8.705505920584589,205.85,207.0,208.0,201.0,218.0
Dabrafenib,27.25150862286751,187.71666666666667,197.0,199.0,193.0,199.0
Dacomitinib,30.235942555545083,65.56666666666666,83.5,64.0,52.0,27.0
Danusertib,16.0896878638324,207.11666666666667,216.0,218.0,211.0,181.0
Dasatinib,9.752549524212744,209.43333333333334,216.5,209.0,202.0,218.0
Decernotinib,36.775463589494315,143.58333333333334,140.0,152.0,144.0,187.0
Defactinib,56.70015921984307,125.98333333333333,142.5,163.0,157.0,22.0
Dinaciclib,20.344402724637117,190.11666666666667,204.0,196.0,186.0,173.0
Dovitinib,58.3749946466807,153.1,167.5,191.0,184.0,33.0
ENMD-2076,26.469080494460364,126.26666666666667,137.5,142.0,135.0,81.0
Encorafenib,26.555894930420916,143.96666666666667,150.0,153.0,143.0,172.0
Entrectinib,34.94101776168265,50.016666666666666,67.5,45.0,36.0,5.0
Enzastaurin,33.21428742106158,76.16666666666667,61.5,72.0,66.0,117.0
Erlotinib,35.10035216664104,82.08333333333333,61.5,97.0,85.0,123.0
Fasudil,46.689506315659415,81.8,48.0,98.0,95.0,158.0
Fedratinib,39.398759145717044,136.76666666666668,102.0,158.0,149.0,149.0
Filgotinib,79.11451088980664,95.55,30.0,56.5,209.5,208.0
Foretinib,29.856527296760795,181.73333333333332,195.0,203.0,191.0,139.0
Fostamatinib,22.77150387850765,117.98333333333333,118.5,124.0,114.0,112.0
GDC-0994,24.238170081276536,121.33333333333333,127.0,126.0,118.0,109.0
GSK-1059615,44.23279326472612,160.9,196.0,178.0,170.0,68.0
GSK-1070916,25.576079319030377,144.65,149.0,161.0,152.0,115.0
GSK-2110183,25.66439925049657,79.78333333333333,94.5,79.0,70.0,41.0
GSK-461364,27.960209822770167,52.1,45.0,37.0,30.0,84.0
GSK-690693,21.794679524038788,162.18333333333334,173.0,178.0,166.0,146.0
Galunisertib,30.862490718238107,114.8,127.0,106.0,99.0,129.0
Gefitinib,51.573668992358236,77.8,42.5,76.0,77.0,157.0
Gilteritinib,9.648603813793763,205.93333333333334,206.0,212.0,207.0,212.0
Golvatinib,19.2358533877641,171.58333333333334,182.0,180.0,172.0,136.0
Hydroxyfasudil,50.31376275157943,66.48333333333333,37.0,56.5,59.0,153.0
IMD-0354,66.18740229244703,59.833333333333336,21.5,14.5,14.5,132.0
Ibrutinib,14.83337078646957,170.93333333333334,185.5,172.0,165.0,158.0
Icotinib,38.45966140718813,71.26666666666667,48.0,81.0,74.0,138.0
Imatinib,22.147084081958354,138.2,161.0,127.0,123.0,133.0
JANEX-1,71.67008712767753,96.08333333333333,35.0,78.0,84.0,211.0
JNJ-26483327,19.66528243716152,60.6,61.5,63.0,59.0,90.0
JNJ-38877605,33.81362726607261,56.71666666666667,81.0,52.0,47.0,7.0
K-252a,16.626827384948964,208.91666666666666,216.5,219.0,212.0,192.0
KW-2449,41.69252530930055,163.0,174.0,189.0,181.0,91.0
LY-2584702,32.578861585731055,32.96666666666667,61.5,13.5,13.5,20.0
LY-2801653,27.53898247131792,75.23333333333333,62.5,73.0,67.0,122.0
Lapatinib,22.434156745661042,30.683333333333334,48.0,13.5,13.5,38.0
Lenvatinib,16.828390363377665,139.78333333333333,149.0,138.0,129.0,115.0
Lestaurtinib,29.373953882081768,206.25,219.0,220.0,213.0,200.0
Linifanib,24.69669343589677,51.2,48.0,42.0,35.0,87.0
Linsitinib,35.94309159398136,125.05,102.0,136.0,131.0,169.0
Losmapimod,42.27944404659183,89.41666666666667,131.5,74.0,72.0,18.0
Lucitanib,36.112574756662745,95.58333333333333,131.5,87.0,82.0,66.0
MGCD-265,43.936067820818415,143.11666666666667,143.5,150.0,146.0,204.0
MK-1775,29.181539065344417,134.73333333333332,145.5,139.0,130.0,99.0
MK-2206,31.570291942478665,82.0,102.0,77.0,69.0,49.0
MK-2461,38.723266764167626,73.81666666666666,52.0,75.0,61.0,146.0
MK-5108,52.150167784964985,154.4,185.5,177.0,167.0,40.0
MK-8033,16.37179994176979,41.15,45.0,31.0,28.0,69.0
MLN-2480,41.634457550874316,141.21666666666667,142.5,151.0,142.0,191.0
MLN-8054,32.61451619550206,106.1,127.0,121.0,100.0,40.0
Masitinib,20.797709542692967,107.28333333333333,123.0,116.0,97.0,71.0
Midostaurin,46.51554399696228,152.25,131.5,173.0,171.0,195.0
Milciclib,34.1853769907544,183.9,191.5,207.0,199.0,109.0
Momelotinib,48.31051185358685,154.66666666666666,174.5,192.0,190.0,58.0
Motesanib,24.23968279953808,64.23333333333333,61.5,59.0,54.0,56.0
Mubritinib,67.31588882937587,61.06666666666667,21.5,14.5,14.5,143.0
NMS-1286937,36.874727870935615,68.26666666666667,48.0,72.0,60.0,134.0
Neratinib,25.43584522327147,112.86666666666666,127.5,126.0,116.0,74.0
Nilotinib,41.36256023131171,121.21666666666667,102.0,134.0,132.0,176.0
Nintedanib,20.809693254186456,176.7,187.5,187.0,179.0,131.0
ONO-4059 analogue,40.91612015928305,62.93333333333333,102.0,52.0,44.0,10.0
OSI-027,28.573049656392413,73.65,62.5,93.0,77.0,89.0
OSI-930,38.451426790461525,47.233333333333334,35.0,33.0,29.0,82.0
OTS-167,24.414795150117932,207.96666666666667,222.0,222.0,215.0,167.0
Omipalisib,64.08466838661352,65.61666666666666,30.0,29.0,28.0,128.0
Orantinib,49.95326704920198,111.73333333333333,134.0,125.0,117.0,22.0
Osimertinib,27.235883193561637,67.7,61.5,66.0,63.0,101.0
P-276-00,37.07930315178836,107.81666666666666,131.5,100.0,88.0,47.0
PD-325901,45.11609715192818,76.06666666666666,83.5,60.0,56.0,23.0
PF-03814735,7.801157321548871,213.51666666666668,214.5,217.0,210.0,220.0
PF-04217903,39.665367625787724,33.516666666666666,62.5,13.5,13.5,6.0
PF-04691502,66.4673269776629,60.166666666666664,21.5,14.5,14.5,136.0
PF-3758309,11.248654240495714,208.46666666666667,214.0,213.0,206.0,210.0
PF-477736,46.16609205418578,176.48333333333332,201.0,198.0,190.0,83.0
PF-562271,51.41475145001352,156.2,178.0,190.0,183.0,60.0
PH-797804,35.149146504573906,55.25,83.5,48.0,38.0,12.0
PHA-793887,13.75286838768149,194.98333333333332,204.0,192.0,184.0,207.0
Pacritinib,28.852638046151384,165.81666666666666,179.5,184.0,177.0,120.0
Palbociclib,33.02263954050648,109.88333333333334,81.0,127.0,121.0,142.0
Pazopanib,38.213104936512146,94.68333333333334,78.0,91.0,85.0,171.0
Pelitinib,21.604146978454544,131.55,142.5,148.0,138.0,104.0
Pexidartinib,18.762262656726666,37.55,48.0,24.0,24.0,41.0
Pexmetinib,34.68374579283821,142.76666666666668,143.5,156.0,148.0,172.0
Pictilisib,66.01203593958368,70.83333333333333,21.5,45.0,70.0,148.0
Pimasertib,35.75844888507703,65.0,67.5,55.0,48.0,38.0
Ponatinib,9.978922230826779,199.06666666666666,207.5,205.0,196.0,198.0
Poziotinib,35.10566984912203,116.31666666666666,148.0,109.0,102.0,59.0
Quizartinib,22.356927835063168,64.46666666666667,61.5,64.0,57.0,60.0
R-406,33.14104538014588,176.56666666666666,179.5,188.0,178.0,200.0
R-547,20.074922166723336,161.85,179.5,152.0,145.0,175.0
RAF-265,75.2966522053493,70.65,21.0,32.0,209.5,163.0
RDEA-436,14.685253374275389,87.4,92.5,88.0,78.0,80.0
RGB-286638,9.95735350828165,206.36666666666667,214.0,211.0,203.0,193.0
Rabusertib,22.34060205097436,30.35,48.0,13.5,13.5,36.0
Rebastinib,41.40211011799063,162.41666666666666,161.0,199.0,192.0,97.0
Refametinib,21.428848675455143,84.26666666666667,81.0,88.0,84.0,87.0
Regorafenib,50.32937070494281,126.56666666666666,62.5,153.0,154.0,185.0
Ribociclib,42.906115207767556,90.58333333333333,61.5,88.0,83.0,189.0
Rigosertib,54.16109971392958,56.68333333333333,30.0,27.0,26.0,113.0
Ripasudil,20.26108064464699,101.78333333333333,104.0,112.0,101.0,108.0
Ro-4987655,40.76546741217784,64.9,102.0,53.0,46.0,13.0
Ro-5126766,34.51500881259243,68.65,67.5,57.0,50.0,39.0
Rociletinib,54.177970615370974,116.65,61.5,122.0,118.0,214.0
Ruboxistaurin,15.888928710128809,106.48333333333333,114.0,116.0,105.0,105.0
Ruxolitinib,30.756756258675193,104.61666666666666,123.0,121.0,112.0,57.0
SAR-407899,32.539074800751315,168.48333333333332,186.0,147.0,150.0,211.0
SB-1317,45.297154681306665,139.36666666666667,162.0,165.0,160.0,44.0
SCH-900776,25.78811095576151,117.2,129.0,135.0,127.0,87.0
SGI-1776,22.056644249648578,95.23333333333333,107.5,89.0,83.0,98.0
SGX-523,18.80413666073387,29.233333333333334,37.0,13.5,13.5,56.0
SNS-314,23.83872316677683,109.41666666666667,104.0,117.0,109.0,126.0
SU-14813,27.87111208561454,152.46666666666667,174.0,162.0,153.0,92.0
Sapanisertib,36.53900503419447,137.63333333333333,142.5,155.0,141.0,167.0
Sapitinib,33.29124008904845,81.6,104.0,93.0,91.0,24.0
Saracatinib,21.525308102066482,177.83333333333334,190.5,186.0,176.0,141.0
Seliciclib,69.14855987895433,85.1,30.0,56.5,108.0,182.0
Selumetinib,26.796294312626305,82.51666666666667,83.0,78.0,72.0,89.0
Silmitasertib,33.920859691673826,166.18333333333334,191.5,176.0,158.0,127.0
Sorafenib,24.562708862555585,57.2,52.0,51.0,41.0,101.0
Sotrastaurin,27.315344690403517,138.71666666666667,149.0,121.0,119.0,162.0
Sunitinib,40.698925047229444,167.15,172.0,197.0,189.0,86.0
TAK-285,54.23082354364741,48.13333333333333,29.5,13.5,13.5,102.0
TAK-593,38.171979251801964,111.0,148.0,116.0,103.0,49.0
TAK-733,41.558489572595825,67.51666666666667,67.5,58.0,51.0,30.0
TAK-901,38.4190382492847,195.95,201.0,210.0,204.0,220.0
TG-100115,30.01636590632221,41.36666666666667,61.5,22.0,22.0,24.0
TG-100572,14.947091876199718,199.36666666666667,214.5,200.0,192.0,194.0
TG-100801,33.700989105168205,119.4,107.5,129.0,126.0,152.0
Talmapimod,38.59191409263518,35.35,62.5,14.5,14.5,13.0
Tandutinib,30.680200817827483,36.516666666666666,61.5,22.0,20.0,21.0
Tanzisertib,38.22950067973975,113.21666666666667,143.5,105.0,98.0,48.0
Telatinib,43.507649391291594,40.53333333333333,30.0,13.5,13.5,96.0
Tepotinib,37.17198766096139,41.4,62.5,25.0,23.0,3.0
Tesevatinib,20.8754241473876,158.5,168.5,172.0,164.0,144.0
Tivantinib,42.93986751519178,39.96666666666667,30.0,13.5,13.5,92.0
Tivozanib,32.62318960494207,136.95,151.0,159.0,152.0,105.0
Tofacitinib,23.675139328464827,69.23333333333333,73.0,65.0,58.0,45.0
Tozasertib,28.278009713085066,128.75,145.0,139.0,135.0,68.0
Trametinib,35.647331207570396,58.96666666666667,94.5,50.0,40.0,15.0
UCN-01,12.574500210964871,203.08333333333334,212.0,212.0,204.0,183.0
Ulixertinib,34.56845463071144,74.78333333333333,61.5,71.0,70.0,83.0
Uprosertib,23.244527432399128,112.31666666666666,131.5,122.0,113.0,74.0
VX-702,50.28335266820973,85.53333333333333,131.5,70.0,69.0,2.0
Vandetanib,31.90604261821819,81.23333333333333,62.5,110.0,106.0,110.0
Varlitinib,30.772173577221785,73.3,94.5,76.0,59.0,39.0
Vatalanib,85.04600062449865,83.83333333333333,21.0,32.0,213.0,199.0
Vemurafenib,46.375163970958994,85.95,53.0,92.0,81.0,170.0
Volasertib,29.516643139459852,69.53333333333333,61.5,67.0,62.0,100.0
Volitinib,21.61083190336632,29.883333333333333,35.0,13.5,13.5,65.0
X-396,16.03805370569218,36.15,37.0,22.0,22.0,55.0
XL-019,22.47099364860298,162.56666666666666,173.0,172.0,166.0,122.0
XL-228,7.011815425091818,213.63333333333333,217.0,215.0,208.0,219.0
XL-413,36.34376379334791,122.85,139.0,104.0,109.0,169.0
Y-39983,10.112766958432077,176.08333333333334,184.5,177.0,164.0,184.0
